playerID, Last_Name,  First_Name, BH, TH, teamID, Positionalmom001,Almonte,Miguel,R,R,ANA,Palvaj003,Alvarez,Jose,L,L,ANA,Pandej005,Anderson,Justin,L,R,ANA,Parcif001,Arcia,Francisco,L,R,ANA,Cbardl001,Bard,Luke,R,R,ANA,Pbarrj003,Barria,Jaime,R,R,ANA,Pbedrc001,Bedrosian,Cam,R,R,ANA,Pblasj001,Blash,Jabari,R,R,ANA,OFbricj001,Briceno,Jose,R,R,ANA,Cbridp001,Bridwell,Parker,R,R,ANA,Pbuttt001,Buttrey,Ty,L,R,ANA,Pcalhk001,Calhoun,Kole,L,L,ANA,OFcolet001,Cole,Taylor,R,R,ANA,Pcowak001,Cowart,Kaleb,B,R,ANA,3Bcozaz001,Cozart,Zack,R,R,ANA,SSdespo001,Despaigne,Odrisamer,R,R,ANA,Pdrako001,Drake,Oliver,R,R,ANA,Pfernj004,Fernandez,Jose Miguel,L,R,ANA,1Bfletd002,Fletcher,David,R,R,ANA,SSfontn001,Fontana,Nolan,L,R,ANA,SSgratj001,Graterol,Juan,R,R,ANA,Cheana001,Heaney,Andrew,L,L,ANA,Phermm001,Hermosillo,Michael,R,R,ANA,OFhudsj002,Hudson,Joe,R,R,ANA,Cjerew001,Jerez,Williams,L,L,ANA,Pjewej001,Jewell,Jake,R,R,ANA,Pjohnj010,Johnson,Jim,R,R,ANA,Pjohns002,Johnson,Sherman,L,R,ANA,2Bkinsi001,Kinsler,Ian,R,R,ANA,2Bkroli001,Krol,Ian,L,L,ANA,Plambj002,Lamb,John,L,L,ANA,Pmaldm001,Maldonado,Martin,R,R,ANA,Cmartj007,Marte,Jefry,R,R,ANA,1Bmcgud001,McGuire,Deck,R,R,ANA,Pmiddk001,Middleton,Keynan,R,R,ANA,Pmorao001,Morales,Osmer,R,R,ANA,Pmorra001,Morris,Akeel,R,R,ANA,Pohtas001,Ohtani,Shohei,L,R,ANA,Pparee001,Paredes,Eduardo,R,R,ANA,Pparkb001,Parker,Blake,R,R,ANA,Ppenaf002,Pena,Felix,R,R,ANA,Ppujoa001,Pujols,Albert,R,R,ANA,1Bramij002,Ramirez,J.C.,R,R,ANA,Pramin002,Ramirez,Noe,R,R,ANA,Prichg002,Richards,Garrett,R,R,ANA,Priver003,Rivera,Rene,R,R,ANA,Croblh001,Robles,Hansel,R,R,ANA,Pschir001,Schimpf,Ryan,L,R,ANA,3Bshoem001,Shoemaker,Matt,R,R,ANA,Psimma001,Simmons,Andrelton,R,R,ANA,SSskagt001,Skaggs,Tyler,L,L,ANA,Ptazaj001,Tazawa,Junichi,R,R,ANA,Ptropn001,Tropeano,Nick,R,R,ANA,Ptroum001,Trout,Mike,R,R,ANA,OFuptoj001,Upton,Justin,R,R,ANA,OFvalbl001,Valbuena,Luis,L,R,ANA,3Bwardt002,Ward,Taylor,R,R,ANA,3Bwoodb004,Wood,Blake,R,R,ANA,Pyounc004,Young,Chris,R,R,ANA,OFyoune003,Young,Eric,B,R,ANA,OFahmen001,Ahmed,Nick,R,R,ARI,SSandrm001,Andriese,Matt,R,R,ARI,Pavila001,Avila,Alex,L,R,ARI,Cbarrj002,Barrett,Jake,R,R,ARI,Pboxbb001,Boxberger,Brad,R,R,ARI,Pbracs001,Bracho,Silvino,R,R,ARI,Pbrada001,Bradley,Archie,R,R,ARI,Pbrits001,Brito,Socrates,L,L,ARI,OFbuchc001,Buchholz,Clay,L,R,ARI,Pchafa001,Chafin,Andrew,R,L,ARI,Pcorbp001,Corbin,Patrick,L,L,ARI,Pdelaj001,de la Rosa,Jorge,L,L,ARI,Pdelgr001,Delgado,Randall,R,R,ARI,Pdescd001,Descalso,Daniel,L,R,ARI,SSdiekj001,Diekman,Jake,L,L,ARI,Pdysoj001,Dyson,Jarrod,L,R,ARI,OFescoe001,Escobar,Eduardo,B,R,ARI,SSgodlz001,Godley,Zack,R,R,ARI,Pgoldp001,Goldschmidt,Paul,R,R,ARI,1Bgreiz001,Greinke,Zack,R,R,ARI,Phiray001,Hirano,Yoshihisa,R,R,ARI,Pjay-j001,Jay,Jon,L,L,ARI,OFkivlp001,Kivlehan,Patrick,R,R,ARI,3Bkochm001,Koch,Matt,L,R,ARI,Pkrehj001,Krehbiel,Joey,R,R,ARI,Plambj001,Lamb,Jake,L,R,ARI,3Blopey001,Lopez,Yoan,R,R,ARI,Pmarrd001,Marrero,Deven,R,R,BOS,3Bmartk001,Marte,Ketel,B,R,ARI,SSmathj001,Mathis,Jeff,R,R,ARI,Cmcfat001,McFarland,T.J.,L,L,ARI,Pmedlk001,Medlen,Kris,B,R,ARI,Pmills001,Miller,Shelby,R,R,ARI,Pmurpj001,Murphy,John Ryan,R,R,ARI,Cnegrk001,Negron,Kristopher,R,R,ARI,OFowinc001,Owings,Chris,R,R,ARI,2Bperad001,Peralta,David,L,L,ARI,OFpolla001,Pollock,A.J.,R,R,ARI,OFray-r002,Ray,Robbie,L,L,ARI,Psalaf001,Salas,Fernando,R,R,ARI,Pscrit001,Scribner,Troy,R,R,ARI,Psherj001,Sherfy,Jimmie,R,R,ARI,Pshipb001,Shipley,Braden,R,R,ARI,Psouzs001,Souza,Steven,R,R,ARI,OFstewc001,Stewart,Chris,R,R,ARI,Cvargi001,Vargas,Ildemaro,B,R,ARI,2Bwalkc002,Walker,Christian,R,R,ARI,1Bwalkt004,Walker,Taijuan,R,R,ARI,Pziegb001,Ziegler,Brad,R,R,ARI,Pacunr001,Acuna,Ronald,R,R,ATL,OFadaml001,Adams,Lane,R,R,ATL,OFalbio001,Albies,Ozzie,B,R,ATL,2Ballak001,Allard,Kolby,L,L,ATL,Pbautj002,Bautista,Jose,R,R,ATL,OFbiddj001,Biddle,Jesse,L,L,ATL,Pbourp001,Bourjos,Peter,R,R,ATL,OFbracb001,Brach,Brad,R,R,ATL,Pbrotr001,Brothers,Rex,L,L,ATL,Pcamaj001,Camargo,Johan,B,R,ATL,SScarls002,Carle,Shane,R,R,ATL,Pculbc001,Culberson,Charlie,R,R,ATL,3Bdudal001,Duda,Lucas,L,R,ATL,1Bduvaa001,Duvall,Adam,R,R,ATL,OFflahr001,Flaherty,Ryan,L,R,ATL,2Bflowt001,Flowers,Tyler,R,R,ATL,Cfoltm001,Foltynewicz,Mike,R,R,ATL,Pfreef001,Freeman,Freddie,L,R,ATL,1Bfrees001,Freeman,Sam,R,L,ATL,Pfriem001,Fried,Max,L,L,ATL,Pgausk001,Gausman,Kevin,L,R,ATL,Pgohal001,Gohara,Luiz,L,L,ATL,Pincie001,Inciarte,Ender,L,L,ATL,OFjackl001,Jackson,Luke,R,R,ATL,Pmarkn001,Markakis,Nick,L,L,ATL,OFmccab001,McCarthy,Brandon,R,R,ATL,Pmccra001,McCreery,Adam,L,L,ATL,Pminta001,Minter,A.J.,L,L,ATL,Pmoylp001,Moylan,Peter,R,R,ATL,Pnewcs001,Newcomb,Sean,L,L,ATL,Pparsw001,Parsons,Wes,R,R,ATL,Pperec003,Perez,Carlos,R,R,ATL,Cpeted002,Peterson,Dustin,R,R,ATL,OFphile001,Phillips,Evan,R,R,ATL,Pramij004,Ramirez,Jose,R,R,ATL,Pravij001,Ravin,Josh,R,R,ATL,Preedm001,Reed,Michael,R,R,ATL,OFriver003,Rivera,Rene,R,R,ATL,Cruizr002,Ruiz,Rio,L,R,ATL,3Bsanca004,Sanchez,Anibal,R,R,ATL,Psantd001,Santana,Danny,B,R,ATL,OFsimsl001,Sims,Lucas,R,R,ATL,Psoboc001,Sobotka,Chad,R,R,ATL,Psocom001,Socolovich,Miguel,R,R,ATL,Psorom001,Soroka,Mike,R,R,ATL,Pstewc001,Stewart,Chris,R,R,ATL,Csuzuk001,Suzuki,Kurt,R,R,ATL,Cswand001,Swanson,Dansby,R,R,ATL,SStehej001,Teheran,Julio,R,R,ATL,Ptoust001,Toussaint,Touki,R,R,ATL,Ptuckp001,Tucker,Preston,L,L,ATL,OFventj001,Venters,Jonny,L,L,ATL,Pvizca001,Vizcaino,Arodys,R,R,ATL,Pwhitc001,Whitley,Chase,R,R,ATL,Pwinkd001,Winkler,Daniel,R,R,ATL,Pwislm001,Wisler,Matt,R,R,ATL,Pwilsb003,Wilson,Bryse,R,R,ATL,Pwrigk001,Wright,Kyle,R,R,ATL,Palvap001,Alvarez,Pedro,L,R,BAL,1Bandrj001,Andreoli,John,R,R,BAL,OFaraup001,Araujo,Pedro,R,R,BAL,Pbeckt001,Beckham,Tim,R,R,BAL,2Bbleir001,Bleier,Richard,L,L,BAL,Pbracb001,Brach,Brad,R,R,BAL,Pbritz001,Britton,Zach,L,L,BAL,Pbundd001,Bundy,Dylan,B,R,BAL,Pcarrc004,Carroll,Cody,R,R,BAL,Pcasha001,Cashner,Andrew,R,R,BAL,Pcastm002,Castro,Miguel,R,R,BAL,Pcobba001,Cobb,Alex,R,R,BAL,Pcortn001,Cortes,Nestor,R,L,BAL,Pdavic003,Davis,Chris,L,R,BAL,1Bfry-p001,Fry,Paul,L,L,BAL,Pgausk001,Gausman,Kevin,L,R,BAL,Pgentc001,Gentry,Craig,R,R,BAL,OFgilms001,Gilmartin,Sean,L,L,BAL,Pgivem001,Givens,Mychal,R,R,BAL,Phartd002,Hart,Donnie,L,L,BAL,Phessd001,Hess,David,R,R,BAL,Pjonea003,Jones,Adam,R,R,BAL,OFjosec002,Joseph,Caleb,R,R,BAL,Cjosec001,Joseph,Corban,L,R,BAL,1Bmachm001,Machado,Manny,R,R,BAL,3Bmanct001,Mancini,Trey,R,R,BAL,1Bmarij001,Marinez,Jhan,R,R,BAL,Pmeanj001,Means,John,L,L,BAL,Pmeisr001,Meisinger,Ryan,R,R,BAL,Pmullc002,Mullins,Cedric,B,L,BAL,OFnuner001,Nunez,Renato,R,R,BAL,3Bodayd001,O'Day,Darren,R,R,BAL,Portil002,Ortiz,Luis,R,R,BAL,Ppetej002,Peterson,Jace,L,R,BAL,2Bphile001,Phillips,Evan,R,R,BAL,Pramiy001,Ramirez,Yefry,R,R,BAL,Prasmc001,Rasmus,Colby,L,L,BAL,OFrickj001,Rickard,Joey,R,L,BAL,OFrogej003,Rogers,Josh,L,L,BAL,Psanta003,Santander,Anthony,B,R,BAL,OFsardl001,Sardinas,Luis,B,R,BAL,2Bschoj001,Schoop,Jonathan,R,R,BAL,2Bscott003,Scott,Tanner,R,L,BAL,Psiscc001,Sisco,Chance,L,R,BAL,Cstewd002,Stewart,DJ,L,R,BAL,OFsusaa001,Susac,Andrew,R,R,BAL,Ctillc001,Tillman,Chris,R,R,BAL,Ptrumm001,Trumbo,Mark,R,R,BAL,OFvaled001,Valencia,Danny,R,R,BAL,3Bvaleb001,Valera,Breyvic,B,R,BAL,2Bviele001,Vielma,Engelb,B,R,BAL,SSvillj001,Villar,Jonathan,B,R,BAL,SSwilks001,Wilkerson,Steve,B,R,BAL,3Bwrigm001,Wright,Mike,R,R,BAL,Pwynna001,Wynns,Austin,R,R,BAL,Cyacaj001,Yacabonis,Jimmy,R,R,BAL,Pbarnm001,Barnes,Matt,R,R,BOS,Pbeekj001,Beeks,Jalen,L,L,BOS,Pbenia002,Benintendi,Andrew,L,L,BOS,LFbettm001,Betts,Mookie,R,R,BOS,OFbogax001,Bogaerts,Xander,R,R,BOS,SSbradj001,Bradley,Jackie,L,R,BOS,OFbrasr001,Brasier,Ryan,R,R,BOS,Pbutld001,Butler,Dan,R,R,BOS,Ccuevw001,Cuevas,William,R,R,BOS,Pdever001,Devers,Rafael,L,R,BOS,3Beovan001,Eovaldi,Nathan,R,R,BOS,Phalej001,Haley,Justin,R,R,BOS,Phembh001,Hembree,Heath,R,R,BOS,Pholtb002,Holt,Brock,L,R,BOS,OFjohnb004,Johnson,Brian,L,L,BOS,Pkellj001,Kelly,Joe,R,R,BOS,Pkimbc001,Kimbrel,Craig,R,R,BOS,Pkinsi001,Kinsler,Ian,R,R,BOS,2Bleons001,Leon,Sandy,B,R,BOS,Clin-t001,Lin,Tzu-Wei,L,R,BOS,SSmartj006,Martinez,J.D.,R,R,BOS,OFmorem001,Moreland,Mitch,L,L,BOS,1Bnunee002,Nunez,Eduardo,R,R,BOS,SSpears001,Pearce,Steve,R,R,BOS,OFpedrd001,Pedroia,Dustin,R,R,BOS,2Bphilb001,Phillips,Brandon,R,R,BOS,2Bpomed001,Pomeranz,Drew,R,L,BOS,Pporcr001,Porcello,Rick,R,R,BOS,Ppoynb001,Poyner,Bobby,L,L,BOS,Ppricd001,Price,David,L,L,BOS,Pramih003,Ramirez,Hanley,R,R,BOS,1Brendt001,Renda,Tony,R,R,BOS,2Brodre004,Rodriguez,Eduardo,L,L,BOS,Psalec001,Sale,Chris,L,L,BOS,Pscotr001,Scott,Robby,B,L,BOS,Psmitc004,Smith,Carson,R,R,BOS,Pswihb001,Swihart,Blake,B,R,BOS,Cthort001,Thornburg,Tyler,R,R,BOS,Ptravs001,Travis,Sam,R,R,BOS,1Bvazqc001,Vazquez,Christian,R,R,BOS,Cvelah001,Velazquez,Hector,R,R,BOS,Pwaldm002,Walden,Marcus,R,R,BOS,Pworkb001,Workman,Brandon,R,R,BOS,Pwrigs001,Wright,Steven,R,R,BOS,Pabrej003,Abreu,Jose,R,R,CHA,1Bandet001,Anderson,Tim,R,R,CHA,SSavill001,Avilan,Luis,L,L,CHA,Pbeckc002,Beck,Chris,R,R,CHA,Pbumma001,Bummer,Aaron,L,L,CHA,Pburrr002,Burr,Ryan,R,R,CHA,Pcastw002,Castillo,Welington,R,R,CHA,Ccedex001,Cedeno,Xavier,L,L,CHA,Pcordr001,Cordell,Ryan,R,R,CHA,OFcoved001,Covey,Dylan,R,R,CHA,Pdanit001,Danish,Tyler,R,R,CHA,Pdavim005,Davidson,Matt,R,R,CHA,3Bdelmn001,Delmonico,Nicky,L,R,CHA,3Bengea001,Engel,Adam,R,R,CHA,OFfarqd001,Farquhar,Danny,R,R,CHA,Pfrarc001,Frare,Caleb,L,L,CHA,Pfry-j001,Fry,Jace,L,L,CHA,Pfulmc001,Fulmer,Carson,R,R,CHA,Pgarca003,Garcia,Avisail,R,R,CHA,OFgarcl004,Garcia,Leury,B,R,CHA,OFgarnd001,Garneau,Dustin,R,R,CHA,Cgioll001,Giolito,Lucas,R,R,CHA,Pgomej002,Gomez,Jeanmar,R,R,CHA,Pgonza006,Gonzalez,Alfredo,R,R,CHA,Cgonzm003,Gonzalez,Miguel,R,R,CHA,Phamii001,Hamilton,Ian,R,R,CHA,Pinfag001,Infante,Gregory,R,R,CHA,Pjonen001,Jones,Nate,R,R,CHA,Pkopem001,Kopech,Michael,R,R,CHA,Plamar001,LaMarre,Ryan,R,L,CHA,OFloper003,Lopez,Reynaldo,R,R,CHA,Pminaj001,Minaya,Juan,R,R,CHA,Pmoncy001,Moncada,Yoan,B,R,CHA,3Bnarvo001,Narvaez,Omar,L,R,CHA,Cpalkd001,Palka,Daniel,L,L,CHA,OFrodoc001,Rodon,Carlos,L,L,CHA,Prondb001,Rondon,Bruce,R,R,CHA,Prondj002,Rondon,Jose,R,R,CHA,SSruizj001,Ruiz,Jose,R,R,CHA,Psalat001,Saladino,Tyler,R,R,CHA,3Bsancc001,Sanchez,Yolmer,B,R,CHA,2Bsanth001,Santiago,Hector,R,L,CHA,Pscahr001,Scahill,Rob,L,R,CHA,Pshiej002,Shields,James,R,R,CHA,Pskolm001,Skole,Matt,L,R,CHA,1Bsmitk002,Smith,Kevan,R,R,CHA,Csorij001,Soria,Joakim,R,R,CHA,Pthomt002,Thompson,Trayce,R,R,CHA,OFtilsc001,Tilson,Charlie,L,L,CHA,OFvieit001,Vieira,Thyago,R,R,CHA,Pvolsc001,Volstad,Chris,R,R,CHA,Palmoa002,Almora,Albert,R,R,CHN,OFbaezj001,Baez,Javier,R,R,CHN,2Bbassa001,Bass,Anthony,R,R,CHN,Pboted002,Bote,David,R,R,CHN,2Bbryak001,Bryant,Kris,R,R,CHN,3Bbutle001,Butler,Eddie,R,R,CHN,Pcarav001,Caratini,Victor,B,R,CHN,Cchatt001,Chatwood,Tyler,R,R,CHN,Pchavj001,Chavez,Jesse,R,R,CHN,Pcishs001,Cishek,Steve,R,R,CHN,Pcontw001,Contreras,Willson,R,R,CHN,Cdarvy001,Darvish,Yu,R,R,CHN,Pdavit004,Davis,Taylor,R,R,CHN,Cdelaj001,de la Rosa,Jorge,L,L,CHN,Pduenb001,Duensing,Brian,L,L,CHN,Pedwac001,Edwards,Carl,R,R,CHN,Pfarrl001,Farrell,Luke,L,R,CHN,Pfreem002,Freeman,Mike,L,R,CHN,1Bgarcj004,Garcia,Jaime,L,L,CHN,Pgimec001,Gimenez,Chris,R,R,CHN,Cgoret001,Gore,Terrance,R,R,CHN,OFhamec001,Hamels,Cole,L,L,CHN,Phancj002,Hancock,Justin,R,R,CHN,Phappi001,Happ,Ian,B,R,CHN,2Bhendk001,Hendricks,Kyle,R,R,CHN,Pheywj001,Heyward,Jason,L,L,CHN,OFkintb001,Kintzler,Brandon,R,R,CHN,Plastt001,La Stella,Tommy,L,R,CHN,2Blestj001,Lester,Jon,L,L,CHN,Pmapld001,Maples,Dillon,R,R,CHN,Pmazzc001,Mazzoni,Cory,R,R,CHN,Pmilla003,Mills,Alec,R,R,CHN,Pmontm002,Montgomery,Mike,L,L,CHN,Pmorrb001,Morrow,Brandon,R,R,CHN,Pmurpd006,Murphy,Daniel,L,R,CHN,2Bnavae001,Navarro,Efren,L,L,CHN,1Bnorwj001,Norwood,James,R,R,CHN,Pquinj001,Quintana,Jose,R,L,CHN,Prizza001,Rizzo,Anthony,L,L,CHN,1Brosar002,Rosario,Randy,L,L,CHN,Prussa002,Russell,Addison,R,R,CHN,2Bschwk001,Schwarber,Kyle,L,R,CHN,OFstrop001,Strop,Pedro,R,R,CHN,Ptsenj001,Tseng,Jen-Ho,L,R,CHN,Punded001,Underwood,Duane,R,R,CHN,Pwebsa001,Webster,Allen,R,R,CHN,Pwilsj004,Wilson,Justin,L,L,CHN,Pzagum002,Zagunis,Mark,R,R,CHN,OFzastr001,Zastryzny,Rob,R,L,CHN,Pzobrb001,Zobrist,Ben,B,R,CHN,2Baquia001,Aquino,Aristides,R,R,CIN,OFbailh001,Bailey,Homer,R,R,CIN,Pbarnt001,Barnhart,Tucker,B,R,CIN,Cblana002,Blandino,Alex,R,R,CIN,2Bbrica001,Brice,Austin,R,R,CIN,Pcasac001,Casali,Curt,R,R,CIN,Ccastl003,Castillo,Luis,R,R,CIN,Pcrock001,Crockett,Kyle,L,L,CIN,Pcruzt002,Cruz,Tony,R,R,CIN,Cdesca001,DeSclafani,Anthony,R,R,CIN,Pdixob001,Dixon,Brandon,R,R,CIN,OFduvaa001,Duvall,Adam,R,R,CIN,OFervip001,Ervin,Phillip,R,R,CIN,OFfedet001,Federowicz,Tim,R,R,CIN,Cfinnb001,Finnegan,Brandon,L,L,CIN,Pflord002,Floro,Dylan,L,R,CIN,Pgally001,Gallardo,Yovani,R,R,CIN,Pgarra001,Garrett,Amir,R,L,CIN,Pgenns001,Gennett,Scooter,L,R,CIN,2Bgossp001,Gosselin,Phil,R,R,CIN,2Bguerg001,Guerrero,Gabriel,R,R,CIN,OFhamib001,Hamilton,Billy,B,R,CIN,OFharvm001,Harvey,Matt,R,R,CIN,Phernd002,Hernandez,David,R,R,CIN,Pherrd002,Herrera,Dilson,R,R,CIN,IFherrr002,Herrera,Rosell,B,R,CIN,SShughj001,Hughes,Jared,R,R,CIN,Pigler001,Iglesias,Raisel,R,R,CIN,Plorem002,Lorenzen,Michael,R,R,CIN,Pmahlt001,Mahle,Tyler,R,R,CIN,Pmellk001,Mella,Keury,R,R,CIN,Pmesod001,Mesoraco,Devin,R,R,CIN,Cpennc001,Pennington,Cliff,B,R,CIN,2Bperaj003,Peraza,Jose,R,R,CIN,2Bperaw002,Peralta,Wandy,L,L,CIN,Pquack001,Quackenbush,Kevin,R,R,CIN,Praint003,Rainey,Tanner,R,R,CIN,Preedc002,Reed,Cody,L,L,CIN,Preyej004,Reyes,Jesus,R,R,CIN,Promas001,Romano,Sal,L,R,CIN,Psches001,Schebler,Scott,L,R,CIN,OFshack001,Shackelford,Kevin,R,R,CIN,Psimsl001,Sims,Lucas,R,R,CIN,Pstepj002,Stephens,Jackson,R,R,CIN,Pstepr002,Stephenson,Robert,R,R,CIN,Psuare001,Suarez,Eugenio,R,R,CIN,SStrahb001,Trahan,Blake,R,R,CIN,SStuckp001,Tucker,Preston,L,L,CIN,OFvottj001,Votto,Joey,L,R,CIN,1Bweisz001,Weiss,Zack,R,R,CIN,Pwillm007,Williams,Mason,L,R,CIN,OFwinkj002,Winker,Jesse,L,L,CIN,Pwislm001,Wisler,Matt,R,R,CIN,Pallec002,Allen,Cody,R,R,CLE,Palleg002,Allen,Greg,B,R,CLE,OFalony001,Alonso,Yonder,L,R,CLE,1Bbarnb002,Barnes,Brandon,R,R,CLE,OFbauet001,Bauer,Trevor,R,R,CLE,Pbelim001,Belisle,Matt,R,R,CLE,Pbelij001,Beliveau,Jeff,L,L,CLE,Pbiebs001,Bieber,Shane,R,R,CLE,Pbranm003,Brantley,Michael,L,L,CLE,OFcabrm002,Cabrera,Melky,B,L,CLE,OFcarrc003,Carrasco,Carlos,R,R,CLE,Pchisl001,Chisenhall,Lonnie,L,R,CLE,OFcimba001,Cimber,Adam,R,R,CLE,Pclevm001,Clevinger,Mike,R,R,CLE,Pdavir003,Davis,Rajai,R,R,CLE,OFdiazy001,Diaz,Yandy,R,R,CLE,OFdonaj001,Donaldson,Josh,R,R,CLE,3Bdrako001,Drake,Oliver,R,R,CLE,Pedwaj001,Edwards,Jon,R,R,CLE,Pencae001,Encarnacion,Edwin,R,R,CLE,DHgomey001,Gomes,Yan,R,R,CLE,Cgonze004,Gonzalez,Erik,R,R,CLE,SSgoodn001,Goody,Nick,R,R,CLE,Pguyeb001,Guyer,Brandon,R,R,CLE,OFhaase001,Haase,Eric,R,R,CLE,Chandb001,Hand,Brad,L,L,CLE,Pkipnj001,Kipnis,Jason,L,R,CLE,2Bklubc001,Kluber,Corey,R,R,CLE,Pkontg001,Kontos,George,R,R,CLE,Plindf001,Lindor,Francisco,B,R,CLE,SSmarse001,Marshall,Evan,R,R,CLE,Pmartl004,Martin,Leonys,L,R,CLE,OFmcalz001,McAllister,Zach,R,R,CLE,Pmejif001,Mejia,Francisco,B,R,CLE,Cmilla002,Miller,Andrew,L,L,CLE,Pnaqut001,Naquin,Tyler,L,R,CLE,OFogana001,Ogando,Alexi,R,R,CLE,Polsot002,Olson,Tyler,R,L,CLE,Poterd001,Otero,Dan,R,R,CLE,Ppereo002,Perez,Oliver,L,L,CLE,Pperer003,Perez,Roberto,R,R,CLE,Cpluta001,Plutko,Adam,R,R,CLE,Pramij003,Ramirez,Jose,B,R,CLE,SSramin001,Ramirez,Neil,R,R,CLE,Prosaa001,Rosales,Adam,R,R,CLE,1Brzepm001,Rzepczynski,Marc,L,L,CLE,Ptaylb002,Taylor,Ben,R,R,CLE,Ptomlj001,Tomlin,Josh,R,R,CLE,Pzimmb001,Zimmer,Bradley,L,R,CLE,OFalmoy001,Almonte,Yency,B,R,COL,Pandet002,Anderson,Tyler,L,L,COL,Parenn001,Arenado,Nolan,R,R,COL,3Bbettc001,Bettis,Chad,R,R,COL,Pblacc001,Blackmon,Charlie,L,L,COL,OFbuted001,Butera,Drew,R,R,COL,Ccastd001,Castro,Daniel,R,R,COL,2Bcuevn001,Cuevas,Noel,R,R,COL,OFdahld001,Dahl,David,L,R,COL,OFdaviw001,Davis,Wade,R,R,COL,Pdesmi001,Desmond,Ian,R,R,COL,SSdunnm002,Dunn,Michael,L,L,COL,Pfreek001,Freeland,Kyle,L,L,COL,Pgonzc001,Gonzalez,Carlos,L,L,COL,OFgrayj003,Gray,Jon,R,R,COL,Phampg001,Hampson,Garrett,R,R,COL,SShoffj003,Hoffman,Jeff,R,R,COL,Phollm001,Holliday,Matt,R,R,COL,OFhowas002,Howard,Sam,R,L,COL,Piannc001,Iannetta,Chris,R,R,COL,Cjohnd005,Johnson,D.J.,L,R,COL,Plemad001,LeMahieu,DJ,R,R,COL,2Bmarqg001,Marquez,German,R,R,COL,Pmcgej001,McGee,Jake,L,L,COL,Pmcmar001,McMahon,Ryan,L,R,COL,3Bmurpt002,Murphy,Tom,R,R,COL,Cmusgh001,Musgrave,Harrison,L,L,COL,Pobers001,Oberg,Scott,R,R,COL,Poh--s001,Oh,Seung Hwan,R,R,COL,Pottaa001,Ottavino,Adam,L,R,COL,Pparrg001,Parra,Gerardo,L,L,COL,OFpounb001,Pounders,Brooks,R,R,COL,Prusic001,Rusin,Chris,L,L,COL,Psenza001,Senzatela,Antonio,R,R,COL,Pshawb001,Shaw,Bryan,B,R,COL,Pstort001,Story,Trevor,R,R,COL,SStapir001,Tapia,Raimel,L,L,COL,OFtaucm001,Tauchman,Mike,L,L,COL,OFvalap001,Valaika,Pat,R,R,COL,SSvastj001,Vasto,Jerry,L,L,COL,Pwoltt001,Wolters,Tony,L,R,COL,Cadduj002,Adduci,Jim,L,L,DET,OFalcav001,Alcantara,Victor,R,R,DET,Pbaezs001,Baez,Sandy,R,R,DET,Pbarbj001,Barbato,John,R,R,DET,Pbellc003,Bell,Chad,R,L,DET,Pboydm001,Boyd,Matt,L,L,DET,Pcabrm001,Cabrera,Miguel,R,R,DET,1Bcandj002,Candelario,Jeimer,B,R,DET,3Bcarpr001,Carpenter,Ryan,L,L,DET,Pcasth001,Castro,Harold,L,R,DET,3Bcastn001,Castellanos,Nick,R,R,DET,3Bcolel001,Coleman,Louis,R,R,DET,Pfarmb001,Farmer,Buck,L,R,DET,Pfierm001,Fiers,Michael,R,R,DET,Pfulmm001,Fulmer,Michael,R,R,DET,Pgerbm001,Gerber,Mike,L,R,DET,OFgoodn002,Goodrum,Niko,B,R,DET,OFgreig001,Greiner,Grayson,R,R,DET,Cgrees005,Greene,Shane,R,R,DET,Phallm002,Hall,Matt,L,L,DET,Phardb001,Hardy,Blaine,L,L,DET,Phickj001,Hicks,John,R,R,DET,Ciglej001,Iglesias,Jose,R,R,DET,SSjimej003,Jimenez,Joe,R,R,DET,Pjonej006,Jones,JaCoby,R,R,DET,3Bkozmp001,Kozma,Pete,R,R,DET,SSlewia001,Lewicki,Artie,R,R,DET,Plirif001,Liriano,Francisco,L,L,DET,Plugod001,Lugo,Dawel,R,R,DET,2Bmachd001,Machado,Dixon,R,R,DET,SSmahtm001,Mahtook,Mikie,R,R,DET,OFmartl004,Martin,Leonys,L,R,DET,OFmartv001,Martinez,Victor,B,R,DET,DHmcalz001,McAllister,Zach,R,R,DET,Pmccaj001,McCann,James,R,R,DET,Cnorrd002,Norris,Daniel,L,L,DET,Preinz001,Reininger,Zac,B,R,DET,Preyev001,Reyes,Victor,B,R,DET,OFrodrr009,Rodriguez,Ronny,R,R,DET,3Bsaltj001,Saltalamacchia,Jarrod,B,R,DET,Csaupw001,Saupold,Warwick,R,R,DET,Psmokj001,Smoker,Josh,L,L,DET,Pstewc002,Stewart,Christin,L,R,DET,OFstumd001,Stumpf,Daniel,L,L,DET,Pturnj002,Turner,Jacob,R,R,DET,Pturns003,Turnbull,Spencer,R,R,DET,Pverhd001,VerHagen,Drew,R,R,DET,Pwilsa001,Wilson,Alex,R,R,DET,Pzimmj003,Zimmermann,Jordan,R,R,DET,Paltuj001,Altuve,Jose,R,R,HOU,2Bbrega001,Bregman,Alex,R,R,HOU,SScoleg001,Cole,Gerrit,R,R,HOU,Pcorrc001,Correa,Carlos,R,R,HOU,SSdavij006,Davis,J.D.,R,R,HOU,3Bdeetd001,Deetz,Dean,R,R,HOU,Pdevec001,Devenski,Chris,R,R,HOU,Pfedet001,Federowicz,Tim,R,R,HOU,Cfishd001,Fisher,Derek,L,R,HOU,OFgatte001,Gattis,Evan,R,R,HOU,Cgilek001,Giles,Ken,R,R,HOU,Pgonzm002,Gonzalez,Marwin,B,R,HOU,1Bgudur001,Guduan,Reymin,L,L,HOU,Pgurry001,Gurriel,Yulieski,R,R,HOU,3Bharrw002,Harris,Will,R,R,HOU,Phoytj001,Hoyt,James,R,R,HOU,Pjamej002,James,Josh,R,R,HOU,Pkempt001,Kemp,Tony,L,R,HOU,OFkeucd001,Keuchel,Dallas,L,L,HOU,Pmaldm001,Maldonado,Martin,R,R,HOU,Cmarij002,Marisnick,Jake,R,R,HOU,OFmccab002,McCann,Brian,L,R,HOU,Cmccul002,McCullers,Lance,L,R,HOU,Pmchuc001,McHugh,Collin,R,R,HOU,Pmortc002,Morton,Charlie,R,R,HOU,Posunr001,Osuna,Roberto,R,R,HOU,Ppeacb001,Peacock,Brad,R,R,HOU,Pperec004,Perez,Cionel,L,L,HOU,Ppresr001,Pressly,Ryan,R,R,HOU,Preddj001,Reddick,Josh,L,R,HOU,OFrondh001,Rondon,Hector,R,R,HOU,Preeda002,Reed,A.J.,L,L,HOU,1Bsippt001,Sipp,Tony,L,L,HOU,Psmitj002,Smith,Joe,R,R,HOU,Psprig001,Springer,George,R,R,HOU,OFstasm001,Stassi,Max,R,R,HOU,Cstram002,Straw,Myles,R,R,HOU,OFtuckk001,Tucker,Kyle,L,R,HOU,OFvaldf001,Valdez,Framber,L,L,HOU,Pverlj001,Verlander,Justin,R,R,HOU,Pwhitt002,White,Tyler,R,R,HOU,1Badamj002,Adam,Jason,R,R,KCA,Palmoa001,Almonte,Abraham,B,R,KCA,OFbarls001,Barlow,Scott,R,R,KCA,Pbonij002,Bonifacio,Jorge,R,R,KCA,OFboyeb001,Boyer,Blaine,R,R,KCA,Pbuted001,Butera,Drew,R,R,KCA,Ccuthc001,Cuthbert,Cheslor,R,R,KCA,3Bdozih001,Dozier,Hunter,R,R,KCA,OFdudal001,Duda,Lucas,L,R,KCA,1Bduffd001,Duffy,Danny,L,L,KCA,Pescoa003,Escobar,Alcides,R,R,KCA,SSfillh001,Fillmyer,Heath,R,R,KCA,Pflynb001,Flynn,Brian,L,L,KCA,Pgallc001,Gallagher,Cam,R,R,KCA,Cgoinr001,Goins,Ryan,L,R,KCA,2Bgoodb001,Goodwin,Brian,L,R,KCA,OFgorda001,Gordon,Alex,L,R,KCA,OFgrimj002,Grimm,Justin,R,R,KCA,Phammj002,Hammel,Jason,R,R,KCA,Pherrk001,Herrera,Kelvin,R,R,KCA,Pherrr002,Herrera,Rosell,B,R,KCA,SShillt002,Hill,Tim,L,L,KCA,Pjay-j001,Jay,Jon,L,L,KCA,OFjunij001,Junis,Jake,R,R,KCA,Pkellb003,Keller,Brad,R,R,KCA,Pkenni001,Kennedy,Ian,R,R,KCA,Pliveb001,Lively,Ben,R,R,KCA,Plopej004,Lopez,Jorge,R,R,KCA,Pmaurb001,Maurer,Brandon,R,R,KCA,Pmccak002,McCarthy,Kevin,R,R,KCA,Pmerrw001,Merrifield,Whit,R,R,KCA,OFmondr003,Mondesi,Adalberto,B,R,KCA,SSmousm001,Moustakas,Mike,L,R,KCA,3Bnewbj001,Newberry,Jake,R,R,KCA,Poakst001,Oaks,Trevor,R,R,KCA,Pohear001,O'Hearn,Ryan,L,L,KCA,1Borlap001,Orlando,Paulo,R,R,KCA,OFperaw001,Peralta,Wily,R,R,KCA,Pperes002,Perez,Salvador,R,R,KCA,Cphilb002,Phillips,Brett,L,R,KCA,OFromee002,Romero,Enny,R,L,KCA,Pskoge001,Skoglund,Eric,L,L,KCA,Psmitb005,Smith,Burch,R,R,KCA,Psolej001,Soler,Jorge,R,R,KCA,OFsparg001,Sparkman,Glenn,B,R,KCA,Pstoue001,Stout,Eric,L,L,KCA,Ptorrr002,Torres,Ramon,B,R,KCA,SSvastj001,Vasto,Jerry,L,L,KCA,Pvilom001,Viloria,Meibrys,L,R,KCA,Calexs001,Alexander,Scott,L,L,LAN,Paxfoj001,Axford,John,R,R,LAN,Pbaezp001,Baez,Pedro,R,R,LAN,Pbarna001,Barnes,Austin,R,R,LAN,Cbellc002,Bellinger,Cody,L,L,LAN,1Bbuehw001,Buehler,Walker,R,R,LAN,Pcharj001,Chargois,J.T.,B,R,LAN,Pcingt001,Cingrani,Tony,L,L,LAN,Pcorcd001,Corcino,Daniel,R,R,LAN,Pdozib001,Dozier,Brian,R,R,LAN,2Bfarmk001,Farmer,Kyle,R,R,LAN,Cfergc001,Ferguson,Caleb,R,L,LAN,Pfielj002,Fields,Josh,R,R,LAN,Pflord002,Floro,Dylan,L,R,LAN,Pfontw001,Font,Wilmer,R,R,LAN,Pforsl001,Forsythe,Logan,R,R,LAN,2Bfreed001,Freese,David,R,R,LAN,3Bgaler002,Gale,Rocky,R,R,LAN,Cgarcy001,Garcia,Yimi,R,R,LAN,Pgoede001,Goeddel,Erik,R,R,LAN,Pgrany001,Grandal,Yasmani,B,R,LAN,Cherne001,Hernandez,Enrique,R,R,LAN,OFhillr001,Hill,Rich,L,L,LAN,Phudsd001,Hudson,Daniel,R,R,LAN,Pjansk001,Jansen,Kenley,B,R,LAN,Pkempm001,Kemp,Matt,R,R,LAN,OFkersc001,Kershaw,Clayton,L,L,LAN,Plibea001,Liberatore,Adam,L,L,LAN,Plocat001,Locastro,Tim,R,R,LAN,2Bmadsr001,Madson,Ryan,L,R,LAN,Pmaedk001,Maeda,Kenta,R,R,LAN,Pmachm001,Machado,Manny,R,R,LAN,3Bmuncm001,Muncy,Max,L,R,LAN,1Bnealz001,Neal,Zach,R,R,LAN,Pparee002,Paredes,Edward,L,L,LAN,Ppedej001,Pederson,Joc,L,L,LAN,OFpuigy001,Puig,Yasiel,R,R,LAN,OFrossz001,Rosscup,Zac,R,L,LAN,Pryu-h001,Ryu,Hyun-Jin,R,L,LAN,Psantd003,Santana,Dennis,R,R,LAN,Pseagc001,Seager,Corey,L,R,LAN,SSstewb001,Stewart,Brock,L,R,LAN,Pstrir001,Stripling,Ross,R,R,LAN,Ptaylc001,Taylor,Chris,R,R,LAN,SStolea001,Toles,Andrew,L,R,LAN,OFturnj001,Turner,Justin,R,R,LAN,3Buriaj001,Urias,Julio,L,L,LAN,Putlec001,Utley,Chase,L,R,LAN,2Bvaleb001,Valera,Breyvic,B,R,LAN,2Bvendp001,Venditte,Pat,B,L,LAN,Pverda001,Verdugo,Alex,L,L,LAN,OFwooda002,Wood,Alex,R,L,LAN,Palcas001,Alcantara,Sandy,R,R,MIA,Pandeb006,Anderson,Brian,R,R,MIA,3Bbarrk002,Barraclough,Kyle,R,R,MIA,Pbostc001,Bostick,Chris,R,R,MIA,2Bbourj002,Bour,Justin,L,R,MIA,1Bbrigj002,Brigham,Jeff,R,R,MIA,Pbrinl001,Brinson,Lewis,R,R,MIA,OFcasts001,Castro,Starlin,R,R,MIA,SSchenw001,Chen,Wei-Yin,R,L,MIA,Pcloyt001,Cloyd,Tyler,R,R,MIA,Pconla001,Conley,Adam,L,L,MIA,Pcoopg002,Cooper,Garrett,R,R,MIA,1Bdeana001,Dean,Austin,R,R,MIA,OFdespo001,Despaigne,Odrisamer,R,R,MIA,Pdietd001,Dietrich,Derek,L,R,MIA,OFgalli001,Galloway,Isaac,R,R,MIA,OFgarcj006,Garcia,Jarlin,L,L,MIA,Pgonzm007,Gonzalez,Merandy,R,R,MIA,Pgravb001,Graves,Brett,R,R,MIA,Pguerj002,Guerra,Javy,R,R,MIA,Pguert001,Guerrero,Tayron,R,R,MIA,Pherne002,Hernandez,Elieser,R,R,MIA,Pholab001,Holaday,Bryan,R,R,MIA,Ckinlt001,Kinley,Tyler,R,R,MIA,Plee-b001,Lee,Braxton,L,R,MIA,OFlopep002,Lopez,Pablo,L,R,MIA,Pmaybc001,Maybin,Cameron,R,R,MIA,OFmeyeb002,Meyer,Ben,B,R,MIA,Pobrip002,O'Brien,Peter,R,R,MIA,OFograc001,O'Grady,Chris,R,L,MIA,Porter001,Ortega,Rafael,L,R,MIA,OFpeted001,Peters,Dillon,L,L,MIA,Prealj001,Realmuto,J.T.,R,R,MIA,Cpradm001,Prado,Martin,R,R,MIA,3Bricht001,Richards,Trevor,R,R,MIA,Priddj001,Riddle,J.T.,L,R,MIA,SSrivey001,Rivera,Yadiel,R,R,MIA,2Brojam002,Rojas,Miguel,R,R,MIA,SSrucid001,Rucinski,Drew,R,R,MIA,Pshucj001,Shuck,J.B.,L,L,MIA,OFsierm002,Sierra,Magneuris,L,L,MIA,OFsmitc006,Smith,Caleb,R,L,MIA,Pstecd001,Steckenrider,Drew,R,R,MIA,Pstrad003,Straily,Dan,R,R,MIA,Ptazaj001,Tazawa,Junichi,R,R,MIA,Ptelit001,Telis,Tomas,B,R,MIA,Cturnj002,Turner,Jacob,R,R,MIA,Purenj001,Urena,Jose,R,R,MIA,Pwallc001,Wallach,Chad,R,R,MIA,Cwittn001,Wittgren,Nick,R,R,MIA,Pziegb001,Ziegler,Brad,R,R,MIA,Paguij001,Aguilar,Jesus,R,R,MIL,1Balbem001,Albers,Matt,L,R,MIL,Pandec001,Anderson,Chase,R,R,MIL,Parcio002,Arcia,Orlando,R,R,MIL,SSashea001,Asher,Alec,R,R,MIL,Pbandj001,Bandy,Jett,R,R,MIL,Cbarnj002,Barnes,Jacob,R,R,MIL,Pbraur002,Braun,Ryan,R,R,MIL,OFbroxk001,Broxton,Keon,R,R,MIL,OFburnc002,Burnes,Corbin,R,R,MIL,Pcainl001,Cain,Lorenzo,R,R,MIL,OFcedex001,Cedeno,Xavier,L,L,MIL,Pchacj001,Chacin,Jhoulys,R,R,MIL,Pchoij001,Choi,Ji-Man,L,R,MIL,OFdaviz001,Davies,Zach,R,R,MIL,Pdrako001,Drake,Oliver,R,R,MIL,Pfrann001,Franklin,Nick,B,R,MIL,2Bgonzg003,Gonzalez,Gio,R,L,MIL,Pgranc001,Granderson,Curtis,L,R,MIL,OFguerj003,Guerra,Junior,R,R,MIL,Phadej001,Hader,Josh,L,L,MIL,Phoovj002,Hoover,J.J.,R,R,MIL,Phousa001,Houser,Adrian,R,R,MIL,Pjeffj001,Jeffress,Jeremy,R,R,MIL,Pjennd003,Jennings,Dan,L,L,MIL,Pknebc001,Knebel,Corey,R,R,MIL,Pkrate001,Kratz,Erik,R,R,MIL,Clogab001,Logan,Boone,R,L,MIL,Plopej004,Lopez,Jorge,R,R,MIL,Plylej001,Lyles,Jordan,R,R,MIL,Pmilew001,Miley,Wade,L,L,MIL,Pmillb002,Miller,Brad,L,R,MIL,SSmousm001,Moustakas,Mike,L,R,MIL,3Bnottj001,Nottingham,Jacob,R,R,MIL,Corf-n001,Orf,Nate,R,R,MIL,2Bperaf001,Peralta,Freddy,R,R,MIL,Ppereh001,Perez,Hernan,R,R,MIL,3Bphilb002,Phillips,Brett,L,R,MIL,OFpinam001,Pina,Manny,R,R,MIL,Csalat001,Saladino,Tyler,R,R,MIL,3Bsantd002,Santana,Domingo,R,R,MIL,OFschoj001,Schoop,Jonathan,R,R,MIL,2Bshawt001,Shaw,Travis,L,R,MIL,1Bsogae001,Sogard,Eric,L,R,MIL,2Bsorij001,Soria,Joakim,R,R,MIL,Psuteb001,Suter,Brent,L,L,MIL,Pthame001,Thames,Eric,L,R,MIL,OFvillj001,Villar,Jonathan,B,R,MIL,SSwilka003,Wilkerson,Aaron,R,R,MIL,Pwillt003,Williams,Taylor,B,R,MIL,Pwoodb005,Woodruff,Brandon,L,R,MIL,Pyelic001,Yelich,Christian,L,R,MIL,OFzagum001,Zagurski,Mike,L,L,NYA,Padrie001,Adrianza,Ehire,B,R,MIN,2Bastuw001,Astudillo,Willians,R,R,MIN,Caustt001,Austin,Tyler,R,R,MIN,OFbelim001,Belisle,Matt,R,R,MIN,Pberrj001,Berrios,Jose,R,R,MIN,Pbusea001,Busenitz,Alan,R,R,MIN,Pbuxtb001,Buxton,Byron,R,R,MIN,OFcastj006,Castro,Jason,L,R,MIN,Ccavej001,Cave,Jake,L,L,MIN,OFcurtj003,Curtiss,John,R,R,MIN,Pdejoc001,De Jong,Chase,L,R,MIN,Pdozib001,Dozier,Brian,R,R,MIN,2Bdrako001,Drake,Oliver,R,R,MIN,Pdufft001,Duffey,Tyler,R,R,MIN,Pdukez001,Duke,Zach,L,L,MIN,Pescoe001,Escobar,Eduardo,B,R,MIN,SSfielj003,Field,Johnny,R,R,MIN,OFforsl001,Forsythe,Logan,R,R,MIN,2Bgarvm001,Garver,Mitch,R,R,MIN,Cgibsk002,Gibson,Kyle,R,R,MIN,Pgimec001,Gimenez,Chris,R,R,MIN,Cgonss001,Gonsalves,Stephen,L,L,MIN,Pgratj001,Graterol,Juan,R,R,MIN,Cgrosr001,Grossman,Robbie,B,L,MIN,OFhaled001,Hale,David,R,R,MIN,Phildt001,Hildenberger,Trevor,R,R,MIN,Phughp001,Hughes,Phil,R,R,MIN,Pkeplm001,Kepler,Max,L,L,MIN,OFkinlt001,Kinley,Tyler,R,R,MIN,Plittz001,Littell,Zack,R,R,MIN,Plynnl001,Lynn,Lance,R,R,MIN,Plamar001,LaMarre,Ryan,R,L,MIN,OFmagim001,Magill,Matt,R,R,MIN,Pmauej001,Mauer,Joe,L,R,MIN,1Bmay-t001,May,Trevor,R,R,MIN,Pmejia001,Mejia,Adalberto,R,L,MIN,Pmorrl001,Morrison,Logan,L,L,MIN,1Bmottt001,Motter,Taylor,R,R,MIN,OFmoyag001,Moya,Gabriel,L,L,MIN,Podorj001,Odorizzi,Jake,R,R,MIN,Ppetig001,Petit,Gregorio,R,R,MIN,2Bpolaj001,Polanco,Jorge,B,R,MIN,SSpresr001,Pressly,Ryan,R,R,MIN,Preeda001,Reed,Addison,L,R,MIN,Prodnf001,Rodney,Fernando,R,R,MIN,Proget001,Rogers,Taylor,L,L,MIN,Promef001,Romero,Fernando,R,R,MIN,Prosae001,Rosario,Eddie,L,R,MIN,OFsanom001,Sano,Miguel,R,R,MIN,DHsante001,Santana,Ervin,R,R,MIN,Pslega001,Slegers,Aaron,R,R,MIN,Pstewk001,Stewart,Kohl,R,R,MIN,Pvasqa002,Vasquez,Andrew,L,L,MIN,Pwilsb002,Wilson,Bobby,R,R,MIN,Cadamc002,Adams,Chance,R,R,NYA,Pandum001,Andujar,Miguel,R,R,NYA,3Baustt001,Austin,Tyler,R,R,NYA,OFbetad001,Betances,Dellin,R,R,NYA,Pbirdg001,Bird,Greg,L,R,NYA,1Bbritz001,Britton,Zach,L,L,NYA,Pcessl001,Cessa,Luis,R,R,NYA,Pchapa001,Chapman,Aroldis,L,L,NYA,Pcolea002,Cole,A.J.,R,R,NYA,Pdrurb001,Drury,Brandon,R,R,NYA,3Bfrazc001,Frazier,Clint,R,R,NYA,OFgallg001,Gallegos,Giovanny,R,R,NYA,Pgardb001,Gardner,Brett,L,L,NYA,OFgermd001,German,Domingo,R,R,NYA,Pgrays001,Gray,Sonny,R,R,NYA,Pgreec003,Green,Chad,L,R,NYA,Pgregd001,Gregorius,Didi,L,R,NYA,SShaled001,Hale,David,R,R,NYA,Phappj001,Happ,J.A.,L,L,NYA,Phecha001,Hechavarria,Adeiny,R,R,NYA,SShicka001,Hicks,Aaron,B,R,NYA,OFhigak001,Higashioka,Kyle,R,R,NYA,Choldj002,Holder,Jonathan,R,R,NYA,Pjudga001,Judge,Aaron,R,R,NYA,OFkahnt001,Kahnle,Tommy,R,R,NYA,Pkontg001,Kontos,George,R,R,NYA,Ploaij001,Loaisiga,Jonathan,R,R,NYA,Plynnl001,Lynn,Lance,R,R,NYA,Pmccua001,McCutchen,Andrew,R,R,NYA,OFmckib001,McKinney,Billy,L,L,NYA,OFmontj004,Montgomery,Jordan,L,L,NYA,Ppetej002,Peterson,Jace,L,R,NYA,2Brobed002,Robertson,David,R,R,NYA,Probis001,Robinson,Shane,R,R,NYA,OFromia002,Romine,Austin,R,R,NYA,Csabac001,Sabathia,CC,L,L,NYA,Psancg002,Sanchez,Gary,R,R,NYA,Csevel001,Severino,Luis,R,R,NYA,Pshefj001,Sheffield,Justus,L,L,NYA,Pshrec001,Shreve,Chasen,L,L,NYA,Pstanm004,Stanton,Giancarlo,R,R,NYA,OFtanam001,Tanaka,Masahiro,R,R,NYA,Ptarps001,Tarpley,Stephen,R,L,NYA,Ptorrg001,Torres,Gleyber,R,R,NYA,2Btorrr001,Torreyes,Ronald,R,R,NYA,2Bvoitl001,Voit,Luke,R,R,NYA,1Bwadet002,Wade,Tyler,L,R,NYA,Pwalkn001,Walker,Neil,B,R,NYA,2Bwarra001,Warren,Adam,R,R,NYA,Pbasht001,Bashlor,Tyler,R,R,NYN,Pbaumb001,Baumann,Buddy,L,L,NYN,Pbautg001,Bautista,Gerson,R,R,NYN,Pbautj002,Bautista,Jose,R,R,NYN,OFbeckc002,Beck,Chris,R,R,NYN,Pblevj001,Blevins,Jerry,L,L,NYN,Pbrucj001,Bruce,Jay,L,L,NYN,OFcabra002,Cabrera,Asdrubal,B,R,NYN,SScespy001,Cespedes,Yoenis,R,R,NYN,OFconfm001,Conforto,Michael,L,R,NYN,OFconlp001,Conlon,P.J.,L,L,NYN,Pcopes001,Copeland,Scott,R,R,NYN,Pdarnt001,d'Arnaud,Travis,R,R,NYN,Cdegrj001,deGrom,Jacob,L,R,NYN,Pdendm001,den Dekker,Matt,L,L,NYN,OFevanp001,Evans,Phillip,R,R,NYN,3Bfamij001,Familia,Jeurys,R,R,NYN,Pflexc001,Flexen,Chris,R,R,NYN,Pflorw001,Flores,Wilmer,R,R,NYN,SSfrazt001,Frazier,Todd,R,R,NYN,3Bgagnd001,Gagnon,Drew,R,R,NYN,Pgonza003,Gonzalez,Adrian,L,L,NYN,1Bgselr001,Gsellman,Robert,R,R,NYN,Pguill001,Guillorme,Luis,L,R,NYN,SShanhe001,Hanhold,Eric,R,R,NYN,Pharvm001,Harvey,Matt,R,R,NYN,Pjacka001,Jackson,Austin,R,R,NYN,OFkaczk001,Kaczmarski,Kevin,L,R,NYN,OFkellt001,Kelly,Ty,B,R,NYN,2Blagaj001,Lagares,Juan,R,R,NYN,OFlobaj001,Lobaton,Jose,B,R,NYN,Clugos001,Lugo,Seth,R,R,NYN,Pmatzs001,Matz,Steven,R,L,NYN,Pmcnej002,McNeil,Jeff,L,R,NYN,2Bmesod001,Mesoraco,Devin,R,R,NYN,Cnidot001,Nido,Tomas,R,R,NYN,Cnimmb001,Nimmo,Brandon,L,R,NYN,OFoswac001,Oswalt,Corey,R,R,NYN,Ppetet001,Peterson,Tim,R,R,NYN,Pplawk001,Plawecki,Kevin,R,R,NYN,Cramoa001,Ramos,A.J.,R,R,NYN,Preinj001,Reinheimer,Jack,R,R,NYN,SSreyej001,Reyes,Jose,B,R,NYN,SSrhamj001,Rhame,Jacob,R,R,NYN,Problh001,Robles,Hansel,R,R,NYN,Prosaa003,Rosario,Amed,R,R,NYN,SSsewap001,Sewald,Paul,R,R,NYN,Psmitd008,Smith,Dominic,L,L,NYN,1Bsmitd009,Smith,Drew,R,R,NYN,Pswara001,Swarzak,Anthony,R,R,NYN,Psyndn001,Syndergaard,Noah,L,R,NYN,Pvargj001,Vargas,Jason,L,L,NYN,Pwahlb001,Wahl,Bobby,R,R,OAK,Pwheez001,Wheeler,Zack,L,R,NYN,Pwrigd002,Wright,David,R,R,NYN,3Bzamod001,Zamora,Daniel,L,L,NYN,Pandeb004,Anderson,Brett,L,L,OAK,Pbarrf001,Barreto,Franklin,R,R,OAK,SSbassc001,Bassitt,Chris,R,R,OAK,Pblacp001,Blackburn,Paul,R,R,OAK,Pbleij001,Bleich,Jeremy,L,L,OAK,Pbrooa001,Brooks,Aaron,R,R,OAK,Pbuchr001,Buchter,Ryan,L,L,OAK,Pcahit001,Cahill,Trevor,R,R,OAK,Pcanhm001,Canha,Mark,R,R,OAK,1Bchapm001,Chapman,Matt,R,R,OAK,3Bcould001,Coulombe,Daniel,L,L,OAK,Pdavik003,Davis,Khris,R,R,OAK,OFdullr001,Dull,Ryan,R,R,OAK,Pfamij001,Familia,Jeurys,R,R,OAK,Pfierm001,Fiers,Michael,R,R,OAK,Pfontw001,Font,Wilmer,R,R,OAK,Pfowld002,Fowler,Dustin,L,L,OAK,OFgarcj002,Casilla,Santiago,R,R,OAK,Pgearc001,Gearrin,Cory,R,R,OAK,Pgossd001,Gossett,Daniel,R,R,OAK,Pgravk001,Graveman,Kendall,R,R,OAK,Phatcc002,Hatcher,Chris,B,R,OAK,Phendl001,Hendriks,Liam,R,R,OAK,Pjacke001,Jackson,Edwin,R,R,OAK,Pjoycm001,Joyce,Matt,L,R,OAK,OFkells001,Kelley,Shawn,R,R,OAK,Pkiekd001,Kiekhefer,Dean,L,L,OAK,Plaurr001,Laureano,Ramon,R,R,OAK,OFlowrj001,Lowrie,Jed,B,R,OAK,3Blucaj001,Lucas,Josh,R,R,OAK,Plucrj001,Lucroy,Jonathan,R,R,OAK,Cmanas001,Manaea,Sean,R,L,OAK,Pmartn003,Martini,Nick,L,L,OAK,OFmaxwb001,Maxwell,Bruce,L,R,OAK,Cmengd001,Mengden,Daniel,R,R,OAK,Pmontf001,Montas,Frankie,R,R,OAK,Polsom001,Olson,Matt,L,R,OAK,OFpagae001,Pagan,Emilio,L,R,OAK,Ppetiy001,Petit,Yusmeiro,R,R,OAK,Pphegj001,Phegley,Josh,R,R,OAK,Cpindc001,Pinder,Chad,R,R,OAK,SSpiscs001,Piscotty,Stephen,R,R,OAK,OFpoweb002,Powell,Boog,L,L,OAK,OFramic001,Ramirez,Carlos,R,R,OAK,Prodnf001,Rodney,Fernando,R,R,OAK,Psemim001,Semien,Marcus,R,R,OAK,SSsmolj002,Smolinski,Jake,R,R,OAK,OFtaylb003,Taylor,Beau,L,R,OAK,Cthomt002,Thompson,Trayce,R,R,OAK,OFtreib001,Treinen,Blake,R,R,OAK,Ptriga001,Triggs,Andrew,R,R,OAK,Ptrivl001,Trivino,Lou,R,R,OAK,Pwendj001,Wendelken,J.B.,R,R,OAK,Palfaj002,Alfaro,Jorge,R,R,PHI,Caltha001,Altherr,Aaron,R,R,PHI,OFanded003,Anderson,Drew,R,R,PHI,Paranv001,Arano,Victor,R,R,PHI,Parrij001,Arrieta,Jake,R,R,PHI,Pavill001,Avilan,Luis,L,L,PHI,Pbautj002,Bautista,Jose,R,R,PHI,OFbourj002,Bour,Justin,L,R,PHI,1Bcabra002,Cabrera,Asdrubal,B,R,PHI,SScozed001,Cozens,Dylan,L,L,PHI,OFcrawj002,Crawford,J.P.,L,R,PHI,SScurtz001,Curtis,Zac,L,L,PHI,Pdavia003,Davis,Austin,L,L,PHI,Pdeloe001,De Los Santos,Enyel,R,R,PHI,Pdomis001,Dominguez,Seranthony,R,R,PHI,Pefliz001,Eflin,Zach,R,R,PHI,Peickj001,Eickhoff,Jerad,R,R,PHI,Pflorp001,Florimon,Pedro,B,R,PHI,SSfranm004,Franco,Maikel,R,R,PHI,3Bgarcl005,Garcia,Luis,R,R,PHI,Phernc005,Hernandez,Cesar,B,R,PHI,2Bherro001,Herrera,Odubel,L,R,PHI,OFhoskr001,Hoskins,Rhys,R,R,PHI,1Bhuntt002,Hunter,Tommy,R,R,PHI,Phutcd001,Hutchison,Drew,L,R,PHI,Pkings001,Kingery,Scott,R,R,PHI,2Bknapa001,Knapp,Andrew,B,R,PHI,Cleitm002,Leiter,Mark,R,R,PHI,Pliveb001,Lively,Ben,R,R,PHI,Ploupa001,Loup,Aaron,L,L,PHI,Pmilnh001,Milner,Hoby,L,L,PHI,Pmorga001,Morgan,Adam,L,L,PHI,Pnerih001,Neris,Hector,R,R,PHI,Pneshp001,Neshek,Pat,B,R,PHI,Pnolaa001,Nola,Aaron,R,R,PHI,Ppiven001,Pivetta,Nick,R,R,PHI,Pplout001,Plouffe,Trevor,R,R,PHI,3Bquinr003,Quinn,Roman,B,R,PHI,OFramoe002,Ramos,Edubray,R,R,PHI,Pramow001,Ramos,Wilson,R,R,PHI,Criosy001,Rios,Yacksel,R,R,PHI,Psantc002,Santana,Carlos,B,R,PHI,1Bsuarr001,Suarez,Ranger,L,L,PHI,Pthomj007,Thompson,Jake,R,R,PHI,Pvalej006,Valentin,Jesmuel,B,R,PHI,2Bvelav001,Velasquez,Vincent,R,R,PHI,Pwaldm001,Walding,Mitch,L,R,PHI,3Bwilln001,Williams,Nick,L,L,PHI,OFandet003,Anderson,Tanner,R,R,PIT,Parchc001,Archer,Chris,R,R,PIT,Pbellj005,Bell,Josh,B,R,PIT,1Bbostc001,Bostick,Chris,R,R,PIT,2Bbraus002,Brault,Steven,L,L,PIT,Pburdn001,Burdi,Nick,R,R,PIT,Pcervf001,Cervelli,Francisco,R,R,PIT,Ccrick001,Crick,Kyle,L,R,PIT,Pdiaze005,Diaz,Elias,R,R,PIT,Cdickc002,Dickerson,Corey,L,R,PIT,OFfelim001,Feliz,Michael,R,R,PIT,Pfraza001,Frazier,Adam,L,R,PIT,OFfreed001,Freese,David,R,R,PIT,3Bglast001,Glasnow,Tyler,L,R,PIT,Pharrj002,Harrison,Josh,R,R,PIT,3Bhecha001,Hechavarria,Adeiny,R,R,PIT,SSholmc001,Holmes,Clay,R,R,PIT,Pkangj001,Kang,Jung Ho,R,R,PIT,3Bkelak001,Kela,Keone,R,R,PIT,Pkingn001,Kingham,Nick,R,R,PIT,Pkontg001,Kontos,George,R,R,PIT,Pkramk001,Kramer,Kevin,L,R,PIT,2Bkuhlc001,Kuhl,Chad,R,R,PIT,Plavar001,Lavarnway,Ryan,R,R,PIT,Cluplj001,Luplow,Jordan,R,R,PIT,OFmarts002,Marte,Starling,R,R,PIT,OFmcraa001,McRae,Alex,R,R,PIT,Pmeada001,Meadows,Austin,L,L,PIT,OFmercj002,Mercer,Jordy,R,R,PIT,SSmorac001,Moran,Colin,L,R,PIT,3Bmorom001,Moroff,Max,B,R,PIT,2Bmusgj001,Musgrove,Joe,R,R,PIT,Pneved001,Neverauskas,Dovydas,R,R,PIT,Pnewmk001,Newman,Kevin,R,R,PIT,2Bnovai001,Nova,Ivan,R,R,PIT,Posunj001,Osuna,Jose,R,R,PIT,OFpolag001,Polanco,Gregory,L,L,PIT,OFreyep001,Reyes,Pablo,R,R,PIT,OFrivef001,Rivero,Felipe,L,L,PIT,Prodrr008,Rodriguez,Richard,R,R,PIT,Prodrs002,Rodriguez,Sean,R,R,PIT,1Bromee002,Romero,Enny,R,L,PIT,Psadlc002,Sadler,Casey,R,R,PIT,Psante002,Santana,Edgar,R,R,PIT,Psmokj001,Smoker,Josh,L,L,PIT,Pstalj001,Stallings,Jacob,R,R,PIT,Ctailj001,Taillon,Jameson,R,R,PIT,Pwillt002,Williams,Trevor,R,R,PIT,Pasuac001,Asuaje,Carlos,L,R,SDN,2Bbaumb001,Baumann,Buddy,L,L,SDN,Pbrewc002,Brewer,Colten,R,R,SDN,Pcastj007,Castillo,Jose,L,L,SDN,Pcimba001,Cimber,Adam,R,R,SDN,Pcordf003,Cordero,Franchy,L,R,SDN,OFdiazm004,Diaz,Miguel,R,R,SDN,Pellia001,Ellis,A.J.,R,R,SDN,Cerlir001,Erlin,Robbie,R,L,SDN,Pgalvf001,Galvis,Freddy,B,R,SDN,SSguerj004,Guerra,Javy,L,R,SDN,SShandb001,Hand,Brad,L,L,SDN,Pheadc001,Headley,Chase,B,R,SDN,3Bhedga001,Hedges,Austin,R,R,SDN,Chosme001,Hosmer,Eric,L,L,SDN,1Bhughp001,Hughes,Phil,R,R,SDN,Pjankt001,Jankowski,Travis,L,R,SDN,OFkennb001,Kennedy,Brett,R,R,SDN,Plauee001,Lauer,Eric,R,L,SDN,Plockw001,Lockett,Walker,R,R,SDN,Ploper002,Lopez,Rafael,L,R,SDN,Cluccj001,Lucchesi,Joey,L,L,SDN,Plylej001,Lyles,Jordan,R,R,SDN,Pmakik001,Makita,Kazuhisa,R,R,SDN,Pmargm001,Margot,Manuel,R,R,SDN,OFmatop002,Maton,Phil,R,R,SDN,Pmcgrk001,McGrath,Kyle,L,L,SDN,Pmejif001,Mejia,Francisco,B,R,SDN,Cmitcb001,Mitchell,Bryan,L,R,SDN,Pmyerw001,Myers,Wil,R,R,SDN,OFnix-j002,Nix,Jacob,R,R,SDN,Pperdl002,Perdomo,Luis,R,R,SDN,Ppirej001,Pirela,Jose,R,R,SDN,OFrenfh001,Renfroe,Hunter,R,R,SDN,OFreyef001,Reyes,Franmil,R,R,SDN,OFrichc002,Richard,Clayton,L,L,SDN,Prosst001,Ross,Tyson,R,R,SDN,Pspanc001,Spangenberg,Cory,L,R,SDN,2Bstamc001,Stammen,Craig,R,R,SDN,Pstocr001,Stock,Robert,L,R,SDN,Pstram001,Strahm,Matt,R,L,SDN,Pszczm001,Szczur,Matt,R,R,SDN,OFurial001,Urias,Luis,R,R,SDN,2Bvillc002,Villanueva,Christian,R,R,SDN,3Bwebbt001,Webb,Tyler,R,L,SDN,Pwickr001,Wick,Rowan,L,R,SDN,Pwiecb001,Wieck,Brad,L,L,SDN,Pwingt001,Wingenter,Trey,R,R,SDN,Pyatek001,Yates,Kirby,L,R,SDN,Paltad001,Altavilla,Dan,R,R,SEA,Pandrj001,Andreoli,John,R,R,SEA,Parmss001,Armstrong,Shawn,R,R,SEA,Pbeckg001,Beckham,Gordon,R,R,SEA,3Bbergc001,Bergman,Christian,R,R,SEA,Pbradc002,Bradford,Chasen,R,R,SEA,Pcanor001,Cano,Robinson,L,R,SEA,2Bcoloa001,Colome,Alex,R,R,SEA,Pcookr001,Cook,Ryan,R,R,SEA,Pcruzn002,Cruz,Nelson,R,R,SEA,OFdetwr001,Detwiler,Ross,R,L,SEA,Pdiaze006,Diaz,Edwin,R,R,SEA,Pdukez001,Duke,Zach,L,L,SEA,Peliar001,Elias,Roenis,L,L,SEA,Pfestm001,Festa,Matt,R,R,SEA,Pfreid001,Freitas,David,R,R,SEA,Cgameb001,Gamel,Ben,L,L,SEA,OFgonzm005,Gonzales,Marco,L,L,SEA,Pgoede001,Goeddel,Erik,R,R,SEA,Pgordd002,Gordon,Dee,L,R,SEA,2Bgrimj002,Grimm,Justin,R,R,SEA,Phanim001,Haniger,Mitch,R,R,SEA,OFhealr001,Healy,Ryon,R,R,SEA,3Bhereg002,Heredia,Guillermo,R,L,SEA,OFhernf002,Hernandez,Felix,R,R,SEA,Pherrc001,Herrmann,Chris,L,R,SEA,Clawrc001,Lawrence,Casey,R,R,SEA,Pleblw001,LeBlanc,Wade,L,L,SEA,Pleakm001,Leake,Mike,R,R,SEA,Pmarjm001,Marjama,Mike,R,R,SEA,Cmaybc001,Maybin,Cameron,R,R,SEA,OFmiraa002,Miranda,Ariel,L,L,SEA,Pmorim002,Morin,Mike,R,R,SEA,Pmottt001,Motter,Taylor,R,R,SEA,OFnegrk001,Negron,Kristopher,R,R,SEA,OFnicaj001,Nicasio,Juan,R,R,SEA,Ppaxtj001,Paxton,James,L,L,SEA,Ppazoj001,Pazos,James,R,L,SEA,Pramie004,Ramirez,Erasmo,R,R,SEA,Promia001,Romine,Andrew,B,R,SEA,3Brumbn001,Rumbelow,Nick,R,R,SEA,Przepm001,Rzepczynski,Marc,L,L,SEA,Pseagk001,Seager,Kyle,L,R,SEA,3Bseguj002,Segura,Jean,R,R,SEA,SSspand001,Span,Denard,L,L,SEA,OFsuzui001,Suzuki,Ichiro,L,R,SEA,OFtuivs001,Tuivailala,Sam,R,R,SEA,Pvincn001,Vincent,Nick,R,R,SEA,Pvincz001,Vincej,Zach,R,R,SEA,SSvoged001,Vogelbach,Daniel,L,R,SEA,1Bwarra001,Warren,Adam,R,R,SEA,Pwhalr001,Whalen,Rob,R,R,SEA,Pzunim001,Zunino,Mike,R,R,SEA,Cavela001,Avelino,Abiatal,R,R,SFN,SSbeedt001,Beede,Tyler,R,R,SFN,Pbeltb001,Belt,Brandon,L,L,SFN,1Bblact002,Blach,Ty,R,L,SFN,Pblacr001,Black,Ray,R,R,SFN,Pblang001,Blanco,Gregor,L,L,SFN,OFbumgm001,Bumgarner,Madison,R,L,SFN,Pcrawb001,Crawford,Brandon,L,R,SFN,SScuetj001,Cueto,Johnny,R,R,SFN,Pdarnc001,d'Arnaud,Chase,R,R,SFN,SSduggs001,Duggar,Steven,L,R,SFN,OFdysos001,Dyson,Sam,R,R,SFN,Pgarca006,Garcia,Aramis,R,R,SFN,Cgearc001,Gearrin,Cory,R,R,SFN,Pgomem002,Gomez,Miguel,B,R,SFN,3Bgomer002,Gomez,Roberto,B,R,SFN,Phansa001,Hanson,Alen,B,R,SFN,SShundn001,Hundley,Nick,R,R,SFN,Cherng001,Hernandez,Gorkys,R,R,SFN,OFholld003,Holland,Derek,B,L,SFN,Pjacka001,Jackson,Austin,R,R,SFN,OFjohnp001,Johnson,Pierce,R,R,SFN,Pjoner005,Jones,Ryder,L,R,SFN,3Bkellc001,Kelly,Casey,R,R,SFN,Plaw-d001,Law,Derek,R,R,SFN,Plonge001,Longoria,Evan,R,R,SFN,3Bmccua001,McCutchen,Andrew,R,R,SFN,OFmelam001,Melancon,Mark,R,R,SFN,Pmoror001,Moronta,Reyes,R,R,SFN,Pokers001,Okert,Steven,L,L,SFN,Posicj001,Osich,Josh,L,L,SFN,Ppanij002,Panik,Joe,L,R,SFN,2Bpench001,Pence,Hunter,R,R,SFN,OFposeb001,Posey,Buster,R,R,SFN,Crodrd001,Rodriguez,Dereck,R,R,SFN,Psamaj001,Samardzija,Jeff,R,R,SFN,Psandp001,Sandoval,Pablo,B,R,SFN,3Bshawc001,Shaw,Chris,L,R,SFN,OFslata001,Slater,Austin,R,R,SFN,OFsmitw002,Smith,Will,R,L,SFN,Psneld001,Snelten,D.J.,L,L,SFN,Pstrac001,Stratton,Chris,R,R,SFN,Pstrih001,Strickland,Hunter,R,R,SFN,Psuara002,Suarez,Andrew,L,L,SFN,Ptomlk001,Tomlinson,Kelby,R,R,SFN,2Bvaldj003,Valdez,Jose,R,R,SFN,Pwatst001,Watson,Tony,L,L,SFN,Pwillm008,Williamson,Mac,R,R,SFN,OFadamm002,Adams,Matt,L,R,SLN,1Bbadeh001,Bader,Harrison,R,R,SLN,OFbaros002,Baron,Steve,R,R,SLN,Cbowmm001,Bowman,Matt,R,R,SLN,Pbrebj001,Brebbia,John,L,R,SLN,Pcarpm002,Carpenter,Matt,L,R,SLN,3Bcecib001,Cecil,Brett,R,L,SLN,Pdejop001,DeJong,Paul,R,R,SLN,3Bflahj002,Flaherty,Jack,R,R,SLN,Pfowld001,Fowler,Dexter,B,R,SLN,OFgallg001,Gallegos,Giovanny,R,R,SLN,Pgantj002,Gant,John,R,R,SLN,Pgarca005,Garcia,Adolis,R,R,SLN,OFgarcg002,Garcia,Greg,L,R,SLN,SSgomba001,Gomber,Austin,L,L,SLN,Pgregl001,Gregerson,Luke,L,R,SLN,Pguilp001,Guilmet,Preston,R,R,SLN,Pgyorj001,Gyorko,Jedd,R,R,SLN,2Bhickj002,Hicks,Jordan,R,R,SLN,Phollg001,Holland,Greg,R,R,SLN,Phudsd002,Hudson,Dakota,R,R,SLN,Pkellc002,Kelly,Carson,R,R,SLN,Cleond003,Leone,Dominic,R,R,SLN,Plyont001,Lyons,Tyler,B,L,SLN,Pmartc006,Martinez,Carlos,R,R,SLN,Pmartj008,Martinez,Jose,R,R,SLN,OFmayem001,Mayers,Mike,R,R,SLN,Pmikom001,Mikolas,Miles,R,R,SLN,Pmoliy001,Molina,Yadier,R,R,SLN,Cmunoy001,Munoz,Yairo,R,R,SLN,SSnorrb001,Norris,Bud,R,R,SLN,Poneit001,O'Neill,Tyler,R,R,SLN,OFozunm001,Ozuna,Marcell,R,R,SLN,OFpenaf001,Pena,Francisco,R,R,SLN,Cphamt001,Pham,Tommy,R,R,SLN,OFponcd001,Poncedeleon,Daniel,R,R,SLN,Preyea004,Reyes,Alex,R,R,SLN,Prosst001,Ross,Tyson,R,R,SLN,Psherr001,Sherriff,Ryan,L,L,SLN,Pshrec001,Shreve,Chasen,L,L,SLN,Psosae001,Sosa,Edmundo,R,R,SLN,SStuivs001,Tuivailala,Sam,R,R,SLN,Pvoitl001,Voit,Luke,R,R,SLN,1Bwachm001,Wacha,Michael,R,R,SLN,Pwaina001,Wainwright,Adam,R,R,SLN,Pweavl001,Weaver,Luke,R,R,SLN,Pwebbt001,Webb,Tyler,R,L,SLN,Pwisdp001,Wisdom,Patrick,R,R,SLN,3Bwongk001,Wong,Kolten,L,R,SLN,2Badamw002,Adames,Willy,R,R,TBA,SSalvaj004,Alvarado,Jose,L,L,TBA,Pandrm001,Andriese,Matt,R,R,TBA,Parchc001,Archer,Chris,R,R,TBA,Parroc001,Arroyo,Christian,R,R,TBA,3Bbanda001,Banda,Anthony,L,L,TBA,Pbauej001,Bauers,Jake,L,L,TBA,1Bbeekj001,Beeks,Jalen,L,L,TBA,Pcastd002,Castillo,Diego,R,R,TBA,Pchiry001,Chirinos,Yonny,R,R,TBA,Pchoij001,Choi,Ji-Man,L,R,TBA,OFciufn001,Ciuffo,Nick,L,R,TBA,Ccoloa001,Colome,Alex,R,R,TBA,Pcronc002,Cron,C.J.,R,R,TBA,1Bduffm002,Duffy,Matt,R,R,TBA,IFeovan001,Eovaldi,Nathan,R,R,TBA,Pfarij001,Faria,Jacob,R,R,TBA,Pfielj003,Field,Johnny,R,R,TBA,OFfontw001,Font,Wilmer,R,R,TBA,Pglast001,Glasnow,Tyler,L,R,TBA,Pgomec002,Gomez,Carlos,R,R,TBA,OFhecha001,Hechavarria,Adeiny,R,R,TBA,SShu--c002,Hu,Chih-Wei,R,R,TBA,Pkierk001,Kiermaier,Kevin,L,R,TBA,OFkitta001,Kittredge,Andrew,R,R,TBA,Pkolaa001,Kolarek,Adam,L,L,TBA,Ploweb001,Lowe,Brandon,L,R,TBA,2Bmeada001,Meadows,Austin,L,L,TBA,OFmillb002,Miller,Brad,L,R,TBA,SSmilnh001,Milner,Hoby,L,L,TBA,Pmoora001,Moore,Adam,R,R,TBA,Cnunov001,Nuno,Vidal,L,L,TBA,Pperem005,Perez,Michael,L,R,TBA,Cphamt001,Pham,Tommy,R,R,TBA,OFpruia001,Pruitt,Austin,R,R,TBA,Pramow001,Ramos,Wilson,R,R,TBA,Crefsr001,Refsnyder,Rob,R,R,TBA,2Brobed004,Robertson,Daniel,R,R,TBA,SSroe-c001,Roe,Chaz,R,R,TBA,Promos001,Romo,Sergio,R,R,TBA,Pschuj002,Schultz,Jaime,R,R,TBA,Psmitm007,Smith,Mallex,L,R,TBA,OFsnelb001,Snell,Blake,L,L,TBA,Psnydb003,Snyder,Brandon,R,R,TBA,3Bspand001,Span,Denard,L,L,TBA,OFstanr002,Stanek,Ryne,R,R,TBA,Psucrj001,Sucre,Jesus,R,R,TBA,Cvelaa001,Velazquez,Andrew,B,R,TBA,SSventj001,Venters,Jonny,L,L,TBA,Pweber001,Weber,Ryan,R,R,TBA,Pwendj002,Wendle,Joey,L,R,TBA,2Bwillj006,Williams,Justin,L,R,TBA,OFwoodh001,Wood,Hunter,R,R,TBA,Pyarbr001,Yarbrough,Ryan,R,L,TBA,Palbeh001,Alberto,Hanser,R,R,TEX,2Bandre001,Andrus,Elvis,R,R,TEX,SSbarnt002,Barnette,Tony,R,R,TEX,Pbelta001,Beltre,Adrian,R,R,TEX,3Bbibea001,Bibens-Dirkx,Austin,R,R,TEX,Pbushm001,Bush,Matt,R,R,TEX,Pbutle001,Butler,Eddie,R,R,TEX,Pcalhw001,Calhoun,Willie,L,R,TEX,OFcentj001,Centeno,Juan,L,R,TEX,Cchavj001,Chavez,Jesse,R,R,TEX,Pchirr001,Chirinos,Robinson,R,R,TEX,Cchoos001,Choo,Shin-Soo,L,L,TEX,OFclaua001,Claudio,Alex,L,L,TEX,Pcolob001,Colon,Bartolo,R,R,TEX,Pcurtz001,Curtis,Zac,L,L,TEX,Pdeshd002,DeShields,Delino,R,R,TEX,OFdiekj001,Diekman,Jake,L,L,TEX,Pfistd001,Fister,Doug,L,R,TEX,Pgally001,Gallardo,Yovani,R,R,TEX,Pgallj002,Gallo,Joey,L,R,TEX,OFgardn001,Gardewine,Nick,R,R,TEX,Pgearc001,Gearrin,Cory,R,R,TEX,Pguzmr001,Guzman,Ronald,L,L,TEX,1Bhamec001,Hamels,Cole,L,L,TEX,Phutcd001,Hutchison,Drew,L,R,TEX,Pjepsk001,Jepsen,Kevin,R,R,TEX,Pjuraa001,Jurado,Ariel,R,R,TEX,Pkelak001,Kela,Keone,R,R,TEX,Pkinei001,Kiner-Falefa,Isiah,R,R,TEX,3Bleclj001,Leclerc,Jose,R,R,TEX,Pmannb001,Mann,Brandon,L,L,TEX,Pmartc007,Martin,Chris,R,R,TEX,Pmazan001,Mazara,Nomar,L,L,TEX,OFmendy001,Mendez,Yohander,L,L,TEX,Pminom001,Minor,Mike,R,L,TEX,Pmoorm003,Moore,Matt,L,L,TEX,Pnuner001,Nunez,Renato,R,R,TEX,3Bodorr001,Odor,Rougned,L,R,TEX,2Bpelhc001,Pelham,C.D.,L,L,TEX,Pperec003,Perez,Carlos,R,R,TEX,Cperem004,Perez,Martin,L,L,TEX,Pprofj001,Profar,Jurickson,B,R,TEX,2Brobid003,Robinson,Drew,L,R,TEX,3Brodrr007,Rodriguez,Ricardo,R,R,TEX,Prua-r001,Rua,Ryan,R,R,TEX,OFsadzc001,Sadzeck,Connor,R,R,TEX,Psampa001,Sampson,Adrian,R,R,TEX,Psprij001,Springs,Jeffrey,L,L,TEX,Ptoccc001,Tocci,Carlos,R,R,TEX,OFtrevj001,Trevino,Jose,R,R,TEX,Calfoa002,Alford,Anthony,R,R,TOR,OFaxfoj001,Axford,John,R,R,TOR,Pbarnd002,Barnes,Danny,L,R,TOR,Pbertj001,Berti,Jon,R,R,TOR,3Bbiagj001,Biagini,Joe,R,R,TOR,Pborur001,Borucki,Ryan,L,L,TOR,Pclipt001,Clippard,Tyler,R,R,TOR,Pcruzr001,Cruz,Rhiner,R,R,TOR,Pcumpb001,Cumpton,Brandon,R,R,TOR,Pdavij007,Davis,Jonathan,R,R,TOR,OFdiaza003,Diaz,Aledmys,R,R,TOR,SSdonaj001,Donaldson,Josh,R,R,TOR,3Bdrako001,Drake,Oliver,R,R,TOR,Pdrurb001,Drury,Brandon,R,R,TOR,3Bestrm001,Estrada,Marco,R,R,TOR,Pfernj005,Fernandez,Jose,L,L,TOR,Pgarcj004,Garcia,Jaime,L,L,TOR,Pgavis001,Gaviglio,Sam,R,R,TOR,Pgilek001,Giles,Ken,R,R,TOR,Pgranc001,Granderson,Curtis,L,R,TOR,OFgricr001,Grichuk,Randal,R,R,TOR,OFguilp001,Guilmet,Preston,R,R,TOR,Pguert002,Guerrieri,Taylor,R,R,TOR,Pgurrl001,Gurriel,Lourdes,R,R,TOR,2Bhappj001,Happ,J.A.,L,L,TOR,Phausm001,Hauschild,Mike,R,R,TOR,Phernt002,Hernandez,Teoscar,R,R,TOR,OFjansd001,Jansen,Danny,R,R,TOR,Cleitm002,Leiter,Mark,R,R,TOR,Ploupa001,Loup,Aaron,L,L,TOR,Pmaill001,Maile,Luke,R,R,TOR,Cmartr004,Martin,Russell,R,R,TOR,Cmayzt001,Mayza,Tim,L,L,TOR,Pmcgud001,McGuire,Deck,R,R,TOR,Pmcgur002,McGuire,Reese,L,R,TOR,Cmckib001,McKinney,Billy,L,L,TOR,OFmorak001,Morales,Kendrys,B,R,TOR,DHngoeg001,Ngoepe,Gift,R,R,TOR,SSoh--s001,Oh,Seung Hwan,R,R,TOR,Posunr001,Osuna,Roberto,R,R,TOR,Ppannt001,Pannone,Thomas,L,L,TOR,Ppauld002,Paulino,David,R,R,TOR,Ppears001,Pearce,Steve,R,R,TOR,OFpetrj001,Petricka,Jake,R,R,TOR,Ppillk001,Pillar,Kevin,R,R,TOR,OFpompd001,Pompey,Dalton,B,R,TOR,OFramic001,Ramirez,Carlos,R,R,TOR,Preids001,Reid-Foley,Sean,R,R,TOR,Prowlc001,Rowley,Chris,R,R,TOR,Psanca006,Sanchez,Aaron,R,R,TOR,Psantl001,Santos,Luis,R,R,TOR,Pshafj001,Shafer,Justin,R,R,TOR,Psmitd007,Smith,Dwight,L,R,TOR,OFsmitm008,Smith,Murphy,R,R,TOR,Psmoaj001,Smoak,Justin,B,L,TOR,1Bsolay001,Solarte,Yangervis,B,R,TOR,3Bstrom001,Stroman,Marcus,R,R,TOR,Psweed001,Sweeney,Darnell,B,R,TOR,OFtellr001,Tellez,Rowdy,L,L,TOR,1Bteper001,Tepera,Ryan,R,R,TOR,Ptravd001,Travis,Devon,R,R,TOR,2Burenr001,Urena,Richard,B,R,TOR,SSurshg001,Urshela,Giovanny,R,R,TOR,3Badama002,Adams,Austin,R,R,WAS,Padamm002,Adams,Matt,L,R,WAS,1Bbautr001,Bautista,Rafael,R,R,WAS,OFcolea002,Cole,A.J.,R,R,WAS,Pcollt001,Collins,Tim,L,L,WAS,Pcordj001,Cordero,Jimmy,R,R,WAS,Pdifow001,Difo,Wilmer,B,R,WAS,2Bdools001,Doolittle,Sean,L,L,WAS,Peatoa002,Eaton,Adam,L,L,WAS,OFfedde001,Fedde,Erick,R,R,WAS,Pglovk001,Glover,Koda,R,R,WAS,Pgonzg003,Gonzalez,Gio,R,L,WAS,Pgoodb001,Goodwin,Brian,L,R,WAS,OFgottt001,Gott,Trevor,R,R,WAS,Pgracm003,Grace,Matt,L,L,WAS,Pharpb003,Harper,Bryce,L,R,WAS,OFhellj001,Hellickson,Jeremy,R,R,WAS,Pherrk001,Herrera,Kelvin,R,R,WAS,Phollg001,Holland,Greg,R,R,WAS,Pkells001,Kelley,Shawn,R,R,WAS,Pkendh001,Kendrick,Howie,R,R,WAS,2Bkiebs001,Kieboom,Spencer,R,R,WAS,Ckintb001,Kintzler,Brandon,R,R,WAS,Pmadsr001,Madson,Ryan,L,R,WAS,Pmcgok002,McGowin,Kyle,R,R,WAS,Pmillj006,Miller,Justin,R,R,WAS,Pmilot001,Milone,Tom,L,L,WAS,Pmontm001,Montero,Miguel,L,R,WAS,Cmurpd006,Murphy,Daniel,L,R,WAS,2Brenda001,Rendon,Anthony,R,R,WAS,2Breynm001,Reynolds,Mark,R,R,WAS,1Breynm003,Reynolds,Matt,R,R,WAS,SSroart001,Roark,Tanner,R,R,WAS,Problv001,Robles,Victor,R,R,WAS,OFrodrj005,Rodriguez,Jefry,R,R,WAS,Promee002,Romero,Enny,R,L,WAS,Prossj002,Ross,Joe,R,R,WAS,Psanca007,Sanchez,Adrian,R,R,WAS,2Bschem001,Scherzer,Max,R,R,WAS,Psevep001,Severino,Pedro,R,R,WAS,Csierm001,Sierra,Moises,R,R,WAS,OFsolis001,Solis,Sammy,R,L,WAS,Psotoj001,Soto,Juan,L,L,WAS,OFsteva001,Stevenson,Andrew,L,L,WAS,OFstras001,Strasburg,Stephen,R,R,WAS,Psuerw002,Suero,Wander,R,R,WAS,Ptaylm002,Taylor,Michael,R,R,WAS,OFtorrc001,Torres,Carlos,R,R,WAS,Pturnt001,Turner,Trea,R,R,WAS,SSvotha001,Voth,Austin,R,R,WAS,Pwietm001,Wieters,Matt,B,R,WAS,Cwilla003,Williams,Austen,R,R,WAS,Pzimmr001,Zimmerman,Ryan,R,R,WAS,1B